URL,Path,Title,Summary
https://arxiv.org/pdf/2210.03629.pdf,paper/paper_1.pdf,ReAct: Synergizing Reasoning and Acting in Language Models,この論文では、ReActフレームワークを提案し、大規模言語モデル（LLM）が推論（思考プロセス）と行動（環境に対する働きかけ）を交互に行うことで、タスク解決能力を向上させる方法を示しています。ReActは特に、情報検索や対話型タスク、意思決定タスクにおける複雑な問題を解決するために設計されています。評価では、これまでの単純な生成モデルに比べて、エージェントの応答性と効率が大幅に向上していることを示しています。
https://arxiv.org/pdf/2303.11366.pdf,paper/paper_2.pdf,Reflexion: Language Agents with Verbal Reinforcement Learning,Reflexionフレームワークでは、言語エージェントがタスクを試行錯誤しながら学習する能力を持ちます。この自己反省機能を通じて、エージェントは自身の行動結果を言語的にフィードバックし、次の試行での意思決定を改善します。従来の強化学習モデルよりも効率的に学習が進むことが、具体的なベンチマークテストを通じて示されています。特に、複雑な意思決定タスクや動的な状況下でのパフォーマンスが向上しました。
https://arxiv.org/pdf/2005.11401.pdf,paper/paper_3.pdf,Retrieval-Augmented Generation for Knowledge-Intensive NLP Tasks,この論文は、RAG（Retrieval-Augmented Generation）という手法を提案しています。RAGでは、外部知識ベースを検索し、その結果を生成モデルに統合することで、モデルの知識限界を克服します。知識集約型タスクにおいて、検索した情報を適切に活用することで、質問応答や対話生成の精度を向上させることを目指しています。評価では、従来のモデルよりも高精度な応答が生成可能であることを確認しています。
https://arxiv.org/pdf/2302.04589.pdf,paper/paper_4.pdf,"Self-RAG: Learning to Retrieve, Generate, and Critique through Self-Reflection",Self-RAGは、RAGに自己反省機能を追加することで、検索と生成プロセスの両方を改善する手法です。このモデルは、自身の生成結果を批評するメカニズムを持ち、生成の質を向上させるフィードバックループを形成します。具体的な応用例として、知識ベースからの正確な情報抽出とそれに基づく高品質な生成が示されており、特に高度な意思決定タスクで効果を発揮します。
https://arxiv.org/pdf/2212.09847.pdf,paper/paper_5.pdf,Seven Failure Points When Engineering a Retrieval Augmented Generation System,この論文では、RAGシステムの設計における7つの失敗要因を特定し、それらを克服するための具体的な指針を提案しています。失敗例には、検索精度の低さや生成結果の一貫性の欠如が含まれており、それらを改善する方法論を示しています。さらに、実践的な適用例を通じて、効果的なRAGシステムの構築方法を検証しています。
https://tohoku.repo.nii.ac.jp/record/2001897/files/240326-Kioka-58-0.pdf,paper/paper_10.pdf,鉄道における自動運転化の課題と対策について,この博士論文では、鉄道における自動運転技術の実現に向けた技術的および運用上の課題が詳細に分析されています。具体的には、自動運転の導入によるコスト削減、安全性の向上、運行効率化の可能性を議論しつつ、それに伴う技術的障壁や組織的な対応が必要であることが示されています。また、試験運用の結果を基に具体的な改善策も提示されています。
,document/Question.csv,設問データ集,質問、問題、解説が記載されたCSVファイルで、鉄道に関する基準や規定を基にした設問データを管理しています。このファイルは、基準の理解を深めるための教材やクイズ形式の学習素材として利用されることを目的としています。
,document/RailwayIncidentCase.csv,鉄道事故・インシデントデータ集,鉄道事故や重大インシデントに関する詳細なデータを収録したCSVファイルです。このファイルには、報告書番号、発生日時、事故の区分、発生場所、事業者情報、事故の種類、原因、死傷者数、関連するPDF報告書へのリンクなどが含まれています。事故の概要や原因分析を通じて、安全対策や運行管理の改善に役立つ資料として利用されます。
,document/another_document/建築基準法道路関係規定運用指針の解説.md,建築基準法道路規定運用指針解説（負例）,建築基準法における道路関連規定の運用指針を解説したMarkdownファイルで、鉄道用語と学術用語の差分を見出すために用いられる負例として参照されることを目的としています。このファイルには、道路構造令やその適用範囲、技術基準の趣旨、特定条件下での規定運用の留意点などが含まれています。
,document/another_document/道路構造令の各規定の解説.md,道路構造令規定解説（負例）,道路構造令の各規定について解説したMarkdownファイルで、鉄道用語と学術用語の差分を見出すために用いられる負例として参照されることを目的としています。このファイルには、道路構造令の技術的基準やその適用範囲、関連手続き、作成や保存における具体的な指針などが含まれています。
,document/another_document/電気設備の技術基準の解釈.md,電気設備技術基準解釈（負例）,電気設備に関する技術基準の解釈を示したMarkdownファイルで、鉄道用語と学術用語の差分を見出すために用いられる負例として参照されることを目的としています。このファイルには、省令で定める技術的要件やその具体例、解釈における注意点が含まれています。
,document/鉄道に関する技術上の基準を定める省令の解釈基準/01.md,鉄道技術基準解釈総則（標準例）,鉄道事業者が施設、車両の設計および維持管理並びに運行を行う際に策定すべき「実施基準」に関する解釈を中心に記載したMarkdownファイルです。このファイルには、省令に基づく実施基準の策定方法、技術基準に基づく検証手法、過去の規則を踏まえた条件付き基準の取り扱いなどが含まれています。鉄道用語の標準的な使用例や実践的な技術基準を理解するための資料として利用されます。
,document/鉄道に関する技術上の基準を定める省令の解釈基準/02.md,鉄道技術基準解釈（係員の教育・適性）,鉄道事業者が係員の教育や適性確認に関する基準を遵守するための詳細な解釈を記載したMarkdownファイルです。このファイルには、係員の教育・訓練内容、適性検査、酒気帯び確認の方法、および運行中の安全性を確保するための監督体制の構築などが含まれています。鉄道事業者が適切な管理体制を整備するための参考資料として利用されます。
,document/鉄道に関する技術上の基準を定める省令の解釈基準/04.md,鉄道技術基準解釈（停車場とプラットホームの設備）,停車場やプラットホームの設備に関する基準を詳細に解釈したMarkdownファイルです。このファイルには、駅の設備、旅客や貨物の取扱いに必要な施設、プラットホームの幅や有効長、安全性を確保するための構造基準などが含まれています。鉄道運行における安全性と効率性を高めるための設計や運用指針を理解するための資料として利用されます。
,document/鉄道に関する技術上の基準を定める省令の解釈基準/05.md,鉄道技術基準解釈（道路との交差と踏切道）,道路と鉄道が交差する場合や踏切道に関する基準を解釈したMarkdownファイルです。このファイルには、平面交差が許可される条件、踏切道の路面や交差角、保安設備の基準、高速通過列車への対応などが含まれています。鉄道と道路の安全な共存を図るための設計および運用基準を示した資料として利用されます。
,document/鉄道に関する技術上の基準を定める省令の解釈基準.md,鉄道技術基準解釈（総括版）,鉄道に関する技術基準の解釈全体を網羅的にまとめたMarkdownファイルです。このファイルには、実施基準、係員の教育・適性確認、停車場とプラットホーム、道路との交差や踏切道に関する詳細な解釈が含まれています。鉄道事業者が基準を理解し、適切な運用を行うための包括的な資料として活用されます。
